title,licensor
Death Note,Viz Media
Shingeki no Kyojin,Funimation
Sword Art Online,Aniplex of America
Fullmetal Alchemist: Brotherhood,Funimation
Fullmetal Alchemist: Brotherhood,Aniplex of America
One Punch Man,Viz Media
Tokyo Ghoul,Funimation
Boku no Hero Academia,Funimation
Steins;Gate,Funimation
Naruto,Viz Media
No Game No Life,Sentai Filmworks
Kimi no Na wa.,Funimation
Kimi no Na wa.,NYAV Post
Angel Beats!,Sentai Filmworks
Code Geass: Hangyaku no Lelouch,Funimation
Code Geass: Hangyaku no Lelouch,Bandai Entertainment
Hunter x Hunter (2011),Viz Media
Mirai Nikki,Funimation
Boku no Hero Academia 2nd Season,Funimation
Toradora!,"NIS America, Inc."
Noragami,Funimation
Naruto: Shippuuden,Viz Media
Re:Zero kara Hajimeru Isekai Seikatsu,Funimation
Shingeki no Kyojin Season 2,Funimation
Sword Art Online II,Aniplex of America
Ao no Exorcist,Aniplex of America
Shigatsu wa Kimi no Uso,Aniplex of America
Akame ga Kill!,Sentai Filmworks
Nanatsu no Taizai,Funimation
Fairy Tail,Funimation
Boku dake ga Inai Machi,Aniplex of America
One Piece,Funimation
One Piece,4Kids Entertainment
Bleach,Viz Media
Koe no Katachi,Eleven Arts
Koe no Katachi,NYAV Post
Kill la Kill,Aniplex of America
Code Geass: Hangyaku no Lelouch R2,Funimation
Code Geass: Hangyaku no Lelouch R2,Bandai Entertainment
Boku no Hero Academia 3rd Season,Funimation
Kono Subarashii Sekai ni Shukufuku wo!,Discotek Media
Kono Subarashii Sekai ni Shukufuku wo!,Crunchyroll
Tengen Toppa Gurren Lagann,ADV Films
Tengen Toppa Gurren Lagann,Bandai Entertainment
Tengen Toppa Gurren Lagann,Aniplex of America
Soul Eater,Funimation
Cowboy Bebop,Funimation
Cowboy Bebop,Bandai Entertainment
Sen to Chihiro no Kamikakushi,Walt Disney Studios
Sen to Chihiro no Kamikakushi,GKIDS
Psycho-Pass,Funimation
Kiseijuu: Sei no Kakuritsu,Sentai Filmworks
Elfen Lied,ADV Films
Another,Sentai Filmworks
Kimetsu no Yaiba,Aniplex of America
Tokyo Ghoul √A,Funimation
Ansatsu Kyoushitsu,Funimation
Mob Psycho 100,Funimation
Mob Psycho 100,Crunchyroll
Death Parade,Funimation
Fullmetal Alchemist,Funimation
Fullmetal Alchemist,Aniplex of America
Shokugeki no Souma,Sentai Filmworks
Ano Hi Mita Hana no Namae wo Bokutachi wa Mada Shiranai.,"NIS America, Inc."
Ano Hi Mita Hana no Namae wo Bokutachi wa Mada Shiranai.,Aniplex of America
Highschool of the Dead,Sentai Filmworks
Durarara!!,Aniplex of America
Neon Genesis Evangelion,ADV Films
Neon Genesis Evangelion,Netflix
Clannad,Sentai Filmworks
Fate/Zero,Aniplex of America
Haikyuu!!,Sentai Filmworks
Bakemonogatari,Aniplex of America
Dungeon ni Deai wo Motomeru no wa Machigatteiru Darou ka,Sentai Filmworks
Hataraku Maou-sama!,Funimation
Shingeki no Kyojin Season 3,Funimation
Noragami Aragoto,Funimation
Overlord,Funimation
Charlotte,Aniplex of America
Mahou Shoujo Madoka★Magica,Aniplex of America
High School DxD,Funimation
Guilty Crown,Funimation
Deadman Wonderland,Funimation
Kono Subarashii Sekai ni Shukufuku wo! 2,Discotek Media
Yahari Ore no Seishun Love Comedy wa Machigatteiru.,Sentai Filmworks
Chuunibyou demo Koi ga Shitai!,Sentai Filmworks
Yakusoku no Neverland,Aniplex of America
One Punch Man 2nd Season,Viz Media
Clannad: After Story,Sentai Filmworks
Hyouka,Funimation
Sakura-sou no Pet na Kanojo,Sentai Filmworks
JoJo no Kimyou na Bouken (TV),Viz Media
JoJo no Kimyou na Bouken (TV),Warner Bros. Pictures
Darling in the FranXX,Funimation
Samurai Champloo,Funimation
Samurai Champloo,Geneon Entertainment USA
Dragon Ball Z,Funimation
Log Horizon,Sentai Filmworks
Kuroshitsuji,Funimation
Kuroshitsuji,Aniplex of America
Owari no Seraph,Funimation
Mononoke Hime,GKIDS
Shingeki no Kyojin Season 3 Part 2,Funimation
Kaichou wa Maid-sama!,Sentai Filmworks
Nisekoi,Aniplex of America
Kyoukai no Kanata,Sentai Filmworks
Ansatsu Kyoushitsu 2nd Season,Funimation
Tate no Yuusha no Nariagari,Funimation
Made in Abyss,Sentai Filmworks
Boku no Hero Academia 4th Season,Funimation
Dr. Stone,Funimation
Dr. Stone,Crunchyroll
Howl no Ugoku Shiro,Walt Disney Studios
Seishun Buta Yarou wa Bunny Girl Senpai no Yume wo Minai,Aniplex of America
Zankyou no Terror,Funimation
Ouran Koukou Host Club,Funimation
Kaguya-sama wa Kokurasetai: Tensai-tachi no Renai Zunousen,Aniplex of America
Fate/Zero 2nd Season,Aniplex of America
Haikyuu!! Second Season,Sentai Filmworks
Darker than Black: Kuro no Keiyakusha,Funimation
Shokugeki no Souma: Ni no Sara,Sentai Filmworks
K-On!,Bandai Entertainment
K-On!,Sentai Filmworks
Magi: The Labyrinth of Magic,Aniplex of America
Suzumiya Haruhi no Yuuutsu,Funimation
Suzumiya Haruhi no Yuuutsu,Bandai Entertainment
Suzumiya Haruhi no Yuuutsu,Kadokawa Pictures USA
Mob Psycho 100 II,Funimation
Tonari no Kaibutsu-kun,"NIS America, Inc."
Black Clover,Funimation
Black Clover,Crunchyroll
Mahouka Koukou no Rettousei,Aniplex of America
Gintama,Sentai Filmworks
Gintama,Crunchyroll
Kobayashi-san Chi no Maid Dragon,Funimation
Fate/stay night,Sentai Filmworks
Fate/stay night,Geneon Entertainment USA
Bungou Stray Dogs,Funimation
Bungou Stray Dogs,Crunchyroll
Fate/stay night: Unlimited Blade Works,Aniplex of America
Dragon Ball,Funimation
Baccano!,Funimation
Baccano!,Aniplex of America
Black Bullet,Sentai Filmworks
Date A Live,Funimation
Tonari no Totoro,Walt Disney Studios
Tonari no Totoro,GKIDS
Fairy Tail (2014),Funimation
ReLIFE,Funimation
ReLIFE,Crunchyroll
Black Lagoon,Funimation
Black Lagoon,Geneon Entertainment USA
Byousoku 5 Centimeter,ADV Films
Byousoku 5 Centimeter,Bandai Entertainment
Byousoku 5 Centimeter,Discotek Media
Byousoku 5 Centimeter,Crunchyroll
Btooom!,Sentai Filmworks
Yahari Ore no Seishun Love Comedy wa Machigatteiru. Zoku,Sentai Filmworks
Prison School,Funimation
Danganronpa: Kibou no Gakuen to Zetsubou no Koukousei The Animation,Funimation
Hellsing Ultimate,Funimation
Hellsing Ultimate,Geneon Entertainment USA
Tensei shitara Slime Datta Ken,Funimation
Gekkan Shoujo Nozaki-kun,Sentai Filmworks
Zero no Tsukaima,Funimation
Zero no Tsukaima,Sentai Filmworks
Zero no Tsukaima,Geneon Entertainment USA
Goblin Slayer,Funimation
Golden Time,Sentai Filmworks
High School DxD New,Funimation
Ookami to Koushinryou,Funimation
Ookami to Koushinryou,Kadokawa Pictures USA
Haikyuu!!: Karasuno Koukou vs. Shiratorizawa Gakuen Koukou,Sentai Filmworks
Higurashi no Naku Koro ni,Sentai Filmworks
Higurashi no Naku Koro ni,Geneon Entertainment USA
Boku wa Tomodachi ga Sukunai,Funimation
Kimi ni Todoke,"NIS America, Inc."
Nichijou,Funimation
Nichijou,Bandai Entertainment
Tokyo Ghoul:re,Funimation
JoJo no Kimyou na Bouken Part 3: Stardust Crusaders,Viz Media
Toaru Majutsu no Index,Funimation
Magi: The Kingdom of Magic,Aniplex of America
Shinsekai yori,Sentai Filmworks
Toki wo Kakeru Shoujo,Funimation
Toki wo Kakeru Shoujo,Bandai Entertainment
Toki wo Kakeru Shoujo,Kadokawa Pictures USA
Kokoro Connect,Sentai Filmworks
Overlord II,Funimation
Plastic Memories,Aniplex of America
Shokugeki no Souma: San no Sara,Sentai Filmworks
Rakudai Kishi no Cavalry,Sentai Filmworks
Kekkai Sensen,Funimation
Mushishi,Funimation
Mahoutsukai no Yome,Funimation
Accel World,Viz Media
Enen no Shouboutai,Funimation
Ookami Kodomo no Ame to Yuki,Funimation
FLCL,Funimation
FLCL,Synch-Point
"Gate: Jieitai Kanochi nite, Kaku Tatakaeri",Sentai Filmworks
Sword Art Online: Alicization,Aniplex of America
K,Viz Media
Trinity Seven,Sentai Filmworks
Koutetsujou no Kabaneri,Funimation
Koutetsujou no Kabaneri,Crunchyroll
Danshi Koukousei no Nichijou,"NIS America, Inc."
Monster,Viz Media
No Game No Life: Zero,Sentai Filmworks
Fate/stay night: Unlimited Blade Works 2nd Season,Aniplex of America
Youjo Senki,Funimation
Youjo Senki,Crunchyroll
JoJo no Kimyou na Bouken Part 3: Stardust Crusaders 2nd Season,Viz Media
D.Gray-man,Funimation
Great Teacher Onizuka,Discotek Media
Great Teacher Onizuka,Tokyopop
Ore no Imouto ga Konnani Kawaii Wake ga Nai,Aniplex of America
InuYasha,Viz Media
Akatsuki no Yona,Funimation
JoJo no Kimyou na Bouken Part 4: Diamond wa Kudakenai,Viz Media
Nisemonogatari,Aniplex of America
Steins;Gate 0,Funimation
Ao Haru Ride,Sentai Filmworks
Free!,Funimation
Free!,Discotek Media
Free!,Crunchyroll
Trigun,Funimation
Trigun,Geneon Entertainment USA
Kotonoha no Niwa,Sentai Filmworks
NHK ni Youkoso!,ADV Films
NHK ni Youkoso!,Funimation
Claymore,Funimation
Hellsing,Funimation
Hellsing,Geneon Entertainment USA
Yamada-kun to 7-nin no Majo (TV),Funimation
Yamada-kun to 7-nin no Majo (TV),Crunchyroll
High School DxD BorN,Funimation
Rosario to Vampire,Funimation
Shimoneta to Iu Gainen ga Sonzai Shinai Taikutsu na Sekai,Funimation
Hai to Gensou no Grimgar,Funimation
Akira,Funimation
Akira,Bandai Entertainment
Akira,Geneon Entertainment USA
Lucky☆Star,Funimation
Lucky☆Star,Bandai Entertainment
Lucky☆Star,Kadokawa Pictures USA
Baka to Test to Shoukanjuu,Funimation
Kore wa Zombie Desu ka?,Funimation
Neon Genesis Evangelion: The End of Evangelion,Manga Entertainment
Kaguya-sama wa Kokurasetai?: Tensai-tachi no Renai Zunousen,Aniplex of America
Yuri!!! on Ice,Funimation
Yuri!!! on Ice,Crunchyroll
Blood Lad,Viz Media
Kiznaiver,Aniplex of America
Kiznaiver,Crunchyroll
Monster Musume no Iru Nichijou,Sentai Filmworks
Sakamoto Desu ga?,Sentai Filmworks
Youkoso Jitsuryoku Shijou Shugi no Kyoushitsu e (TV),Funimation
School Days,Discotek Media
Masamune-kun no Revenge,Funimation
Owari no Seraph: Nagoya Kessen-hen,Funimation
Kami nomi zo Shiru Sekai,Sentai Filmworks
Watashi ga Motenai no wa Dou Kangaetemo Omaera ga Warui!,Sentai Filmworks
Overlord III,Funimation
Saiki Kusuo no Ψ-nan,Funimation
Orange,Funimation
Orange,Crunchyroll
Dragon Ball Super,Funimation
Barakamon,Funimation
Psycho-Pass 2,Funimation
Monogatari Series: Second Season,Aniplex of America
IS: Infinite Stratos,Sentai Filmworks
Chuunibyou demo Koi ga Shitai! Ren,Sentai Filmworks
Ao no Exorcist: Kyoto Fujouou-hen,Aniplex of America
Strike the Blood,Discotek Media
Strike the Blood,Crunchyroll
K-On!!,Sentai Filmworks
Eromanga-sensei,Aniplex of America
Amagi Brilliant Park,Sentai Filmworks
Sword Art Online Movie: Ordinal Scale,Aniplex of America
Bakuman.,Media Blasters
Bakuman.,NYAV Post
Suzumiya Haruhi no Shoushitsu,Funimation
Suzumiya Haruhi no Shoushitsu,Bandai Entertainment
Rokka no Yuusha,Ponycan USA
Zetsuen no Tempest,Aniplex of America
Nisekoi:,Aniplex of America
To LOVE-Ru,Sentai Filmworks
Ergo Proxy,Funimation
Ergo Proxy,Geneon Entertainment USA
Vampire Knight,Viz Media
Log Horizon 2nd Season,Sentai Filmworks
Boruto: Naruto Next Generations,Viz Media
Himouto! Umaru-chan,Sentai Filmworks
Shakugan no Shana,Funimation
Shakugan no Shana,Geneon Entertainment USA
JoJo no Kimyou na Bouken Part 5: Ougon no Kaze,Viz Media
Koukaku Kidoutai,Manga Entertainment
Gakusen Toshi Asterisk,Aniplex of America
Kami no Tou,Crunchyroll
Sukitte Ii na yo.,Sentai Filmworks
Ore Monogatari!!,Sentai Filmworks
Shiki,Funimation
Katekyo Hitman Reborn!,Viz Media
Katekyo Hitman Reborn!,Discotek Media
Mondaiji-tachi ga Isekai kara Kuru Sou Desu yo?,Sentai Filmworks
Dragon Ball GT,Funimation
Nagi no Asu kara,"NIS America, Inc."
Shinmai Maou no Testament,Funimation
Shinmai Maou no Testament,Crunchyroll
Sankarea,Funimation
Serial Experiments Lain,Funimation
Serial Experiments Lain,Geneon Entertainment USA
Higashi no Eden,Funimation
Beelzebub,Discotek Media
Yuu☆Yuu☆Hakusho,Funimation
Tsurezure Children,Funimation
Rokudenashi Majutsu Koushi to Akashic Records,Funimation
Toaru Kagaku no Railgun,Funimation
Pokemon,Viz Media
Pokemon,4Kids Entertainment
91 Days,Funimation
91 Days,Crunchyroll
Dungeon ni Deai wo Motomeru no wa Machigatteiru Darou ka II,Sentai Filmworks
Grisaia no Kajitsu,Sentai Filmworks
Steins;Gate Movie: Fuka Ryouiki no Déjà vu,Funimation
Kuzu no Honkai,Sentai Filmworks
Shokugeki no Souma: San no Sara - Tootsuki Ressha-hen,Sentai Filmworks
Bungou Stray Dogs 2nd Season,Funimation
Bungou Stray Dogs 2nd Season,Crunchyroll
Ajin,Sentai Filmworks
Katanagatari,"NIS America, Inc."
Aldnoah.Zero,Aniplex of America
Akagami no Shirayuki-hime,Funimation
Gamers!,Funimation
Date A Live II,Funimation
Gosick,Funimation
3-gatsu no Lion,Aniplex of America
Saenai Heroine no Sodatekata,Aniplex of America
Suzumiya Haruhi no Yuuutsu (2009),Funimation
Suzumiya Haruhi no Yuuutsu (2009),Bandai Entertainment
Lovely★Complex,Discotek Media
Kenpuu Denki Berserk,Media Blasters
Kenpuu Denki Berserk,NYAV Post
Summer Wars,Funimation
Summer Wars,Warner Bros. Japan
Summer Wars,GKIDS
Kuroshitsuji II,Funimation
Blend S,Aniplex of America
Gangsta.,Funimation
Boku wa Tomodachi ga Sukunai Next,Funimation
God Eater,Aniplex of America
Absolute Duo,Funimation
Zero no Tsukaima: Futatsuki no Kishi,Sentai Filmworks
Full Metal Panic!,ADV Films
Full Metal Panic!,Funimation
Kamisama Hajimemashita,Funimation
Hotaru no Haka,ADV Films
Hotaru no Haka,Central Park Media
Hotaru no Haka,Sentai Filmworks
Fruits Basket,Funimation
Nekomonogatari: Kuro,Aniplex of America
Natsume Yuujinchou,"NIS America, Inc."
"Gate: Jieitai Kanochi nite, Kaku Tatakaeri 2nd Season",Sentai Filmworks
Tokyo Ghoul:re 2nd Season,Funimation
Chobits,Funimation
Chobits,Geneon Entertainment USA
Inu x Boku SS,Sentai Filmworks
Drifters,Funimation
Ichiban Ushiro no Daimaou,Sentai Filmworks
Sora no Otoshimono,Funimation
Isekai Maou to Shoukan Shoujo no Dorei Majutsu,Funimation
Sword Art Online Alternative: Gun Gale Online,Aniplex of America
Ookami to Koushinryou II,Funimation
Hunter x Hunter,Viz Media
Seitokai Yakuindomo,Sentai Filmworks
Usagi Drop,"NIS America, Inc."
Tenki no Ko,GKIDS
Hataraku Saibou (TV),Aniplex of America
Mayo Chiki!,Sentai Filmworks
Nana,Viz Media
Koukyoushihen Eureka Seven,Funimation
Koukyoushihen Eureka Seven,Bandai Entertainment
The God of High School,Crunchyroll
Rurouni Kenshin: Meiji Kenkaku Romantan,Media Blasters
Durarara!!x2 Shou,Aniplex of America
Musaigen no Phantom World,Funimation
Musaigen no Phantom World,Crunchyroll
Higurashi no Naku Koro ni Kai,Sentai Filmworks
Ore no Kanojo to Osananajimi ga Shuraba Sugiru,Aniplex of America
Gintama°,Funimation
Gintama°,Crunchyroll
Kaze no Stigma,Funimation
Mekakucity Actors,Aniplex of America
Boku no Hero Academia the Movie 1: Futari no Hero,Funimation
Hajime no Ippo,Discotek Media
Hajime no Ippo,Geneon Entertainment USA
Netoge no Yome wa Onnanoko ja Nai to Omotta?,Funimation
Black Lagoon: The Second Barrage,Funimation
Black Lagoon: The Second Barrage,Geneon Entertainment USA
Sword Art Online: Alicization - War of Underworld,Aniplex of America
Hentai Ouji to Warawanai Neko.,Sentai Filmworks
Zero no Tsukaima: Princesses no Rondo,Sentai Filmworks
Tokyo Ravens,Funimation
Pandora Hearts,"NIS America, Inc."
Sousei no Onmyouji,Crunchyroll
Majo no Takkyuubin,Walt Disney Studios
Majo no Takkyuubin,GKIDS
Toaru Majutsu no Index II,Funimation
Ore no Imouto ga Konnani Kawaii Wake ga Nai.,Aniplex of America
Working!!,"NIS America, Inc."
Kimi no Suizou wo Tabetai,Aniplex of America
Evangelion: 1.0 You Are (Not) Alone,Funimation
Kizumonogatari I: Tekketsu-hen,Aniplex of America
5-toubun no Hanayome,Funimation
Darker than Black: Ryuusei no Gemini,Funimation
Perfect Blue,GKIDS
Perfect Blue,Manga Entertainment
"Yosuga no Sora: In Solitude, Where We Are Least Alone.",Media Blasters
Love Live! School Idol Project,"NIS America, Inc."
Maoyuu Maou Yuusha,Sentai Filmworks
Domestic na Kanojo,Sentai Filmworks
Shirobako,Sentai Filmworks
Rosario to Vampire Capu2,Funimation
Evangelion: 2.0 You Can (Not) Advance,Funimation
Owarimonogatari,Aniplex of America
Chihayafuru,Sentai Filmworks
Gake no Ue no Ponyo,Walt Disney Studios
Satsuriku no Tenshi,Funimation
Tsuki ga Kirei,Funimation
Karakai Jouzu no Takagi-san,Funimation
Steins;Gate: Oukoubakko no Poriomania,Funimation
Gakkougurashi!,Sentai Filmworks
Net-juu no Susume,Funimation
Cardcaptor Sakura,Nelvana
Cardcaptor Sakura,"NIS America, Inc."
Cardcaptor Sakura,Geneon Entertainment USA
"Ore no Nounai Sentakushi ga, Gakuen Love Comedy wo Zenryoku de Jama Shiteiru",Sentai Filmworks
Dagashi Kashi,Funimation
Hinamatsuri,Funimation
"Dakara Boku wa, H ga Dekinai.",Sentai Filmworks
Zero no Tsukaima F,Sentai Filmworks
Shingeki no Bahamut: Genesis,Funimation
Koukaku Kidoutai: Stand Alone Complex,Bandai Entertainment
Koukaku Kidoutai: Stand Alone Complex,Manga Entertainment
Sekirei,Funimation
New Game!,Funimation
New Game!,Crunchyroll
Fruits Basket 1st Season,Funimation
Kami nomi zo Shiru Sekai II,Sentai Filmworks
B-gata H-kei,Funimation
Kimi ni Todoke 2nd Season,"NIS America, Inc."
Ookami Shoujo to Kuro Ouji,Sentai Filmworks
Tenkuu no Shiro Laputa,Walt Disney Studios
Tenkuu no Shiro Laputa,GKIDS
Megalo Box,Viz Media
Isekai wa Smartphone to Tomo ni.,Funimation
Digimon Adventure,Saban Entertainment
Digimon Adventure,Flatiron Film Company
Fate/Apocrypha,Aniplex of America
Kore wa Zombie Desu ka? of the Dead,Funimation
Blood+,Sony Pictures Entertainment
Hibike! Euphonium,Ponycan USA
Kara no Kyoukai 1: Fukan Fuukei,Aniplex of America
Hagure Yuusha no Aesthetica,Funimation
Citrus,Funimation
Inou-Battle wa Nichijou-kei no Naka de,Sentai Filmworks
Yahari Ore no Seishun Love Comedy wa Machigatteiru. Kan,Sentai Filmworks
The Last: Naruto the Movie,Viz Media
Death March kara Hajimaru Isekai Kyousoukyoku,Funimation
No.6,Sentai Filmworks
Tasogare Otome x Amnesia,Sentai Filmworks
Shinchou Yuusha: Kono Yuusha ga Ore Tsueee Kuse ni Shinchou Sugiru,Funimation
Baka to Test to Shoukanjuu Ni!,Funimation
Hanamonogatari,Aniplex of America
Hajimete no Gal,Funimation
D-Frag!,Funimation
Arifureta Shokugyou de Sekai Saikyou,Funimation
Demi-chan wa Kataritai,Funimation
Demi-chan wa Kataritai,Crunchyroll
Hitsugi no Chaika,Sentai Filmworks
Hidan no Aria,Funimation
Tsukimonogatari,Aniplex of America
Ano Natsu de Matteru,Sentai Filmworks
Bokura wa Minna Kawai-sou,Sentai Filmworks
Durarara!!x2 Ten,Aniplex of America
Gakusen Toshi Asterisk 2nd Season,Aniplex of America
Arslan Senki (TV),Funimation
Vampire Knight: Guilty,Viz Media
Air Gear,ADV Films
Air Gear,Funimation
Zombieland Saga,Funimation
Grisaia no Rakuen,Sentai Filmworks
Kenja no Mago,Funimation
Campione!: Matsurowanu Kamigami to Kamigoroshi no Maou,Sentai Filmworks
Boruto: Naruto the Movie,Viz Media
IS: Infinite Stratos 2,Sentai Filmworks
Rainbow: Nisha Rokubou no Shichinin,Funimation
Bakemono no Ko,Funimation
Free!: Eternal Summer,Funimation
Dungeon ni Deai wo Motomeru no wa Machigatteiru Darou ka Gaiden: Sword Oratoria,Sentai Filmworks
Yojouhan Shinwa Taikei,Funimation
Tanaka-kun wa Itsumo Kedaruge,Sentai Filmworks
Special A,Sentai Filmworks
Panty &amp; Stocking with Garterbelt,Funimation
Shaman King,4Kids Entertainment
Fairy Tail: Final Series,Funimation
Houseki no Kuni (TV),Sentai Filmworks
Mikakunin de Shinkoukei,Sentai Filmworks
Kizumonogatari II: Nekketsu-hen,Aniplex of America
Durarara!!x2 Ketsu,Aniplex of America
Seishun Buta Yarou wa Yumemiru Shoujo no Yume wo Minai,Aniplex of America
High School DxD Hero,Funimation
Arakawa Under the Bridge,"NIS America, Inc."
Keijo!!!!!!!!,Funimation
Bakuman. 2nd Season,Media Blasters
Jigoku Shoujo,Funimation
Kekkai Sensen &amp; Beyond,Funimation
Sayonara Zetsubou Sensei,Nozomi Entertainment
Sayonara Zetsubou Sensei,Media Blasters
Suisei no Gargantia,Viz Media
Gantz,ADV Films
Gantz,Funimation
Mahou Shoujo Madoka★Magica Movie 3: Hangyaku no Monogatari,Aniplex of America
Non Non Biyori,Sentai Filmworks
Toaru Kagaku no Railgun S,Funimation
Amagami SS,Sentai Filmworks
Haiyore! Nyaruko-san,"NIS America, Inc."
Kuroshitsuji: Book of Circus,Funimation
"Maou Gakuin no Futekigousha: Shijou Saikyou no Maou no Shiso, Tensei shite Shison-tachi no Gakkou e",Aniplex of America
Fullmetal Alchemist: The Conqueror of Shamballa,Funimation
Gokukoku no Brynhildr,Sentai Filmworks
Tamako Market,Sentai Filmworks
Yu☆Gi☆Oh! Duel Monsters,4Kids Entertainment
Yu☆Gi☆Oh! Duel Monsters,Flatiron Film Company
Mirai Nikki: Redial,Funimation
Sakamichi no Apollon,Sentai Filmworks
To LOVE-Ru Darkness,Sentai Filmworks
Seireitsukai no Blade Dance,Sentai Filmworks
Yuru Yuri,"NIS America, Inc."
Outbreak Company,Sentai Filmworks
Mousou Dairinin,Funimation
Mousou Dairinin,Geneon Entertainment USA
School Rumble,Funimation
Corpse Party: Tortured Souls - Bougyakusareta Tamashii no Jukyou,Maiden Japan
Shakugan no Shana II (Second),Funimation
Kaze no Tani no Nausicaä,Walt Disney Studios
Kaze no Tani no Nausicaä,GKIDS
Kami nomi zo Shiru Sekai: Megami-hen,Sentai Filmworks
Seto no Hanayome,Funimation
Wolf&#039;s Rain,Funimation
Wolf&#039;s Rain,Bandai Entertainment
Darwin&#039;s Game,Aniplex of America
Freezing,Funimation
Phantom: Requiem for the Phantom,Funimation
Cowboy Bebop: Tengoku no Tobira,Sony Pictures Entertainment
Watashi ga Motete Dousunda,Funimation
Watashi ga Motete Dousunda,Crunchyroll
Ben-To,Funimation
Bishoujo Senshi Sailor Moon,ADV Films
Bishoujo Senshi Sailor Moon,Viz Media
Bishoujo Senshi Sailor Moon,DiC Entertainment
Jormungand,Funimation
Koi to Uso,Sentai Filmworks
Aldnoah.Zero 2nd Season,Aniplex of America
Saijaku Muhai no Bahamut,Sentai Filmworks
Isekai Quartet,Funimation
Shinmai Maou no Testament Burst,Funimation
Shinmai Maou no Testament Burst,Crunchyroll
Tales of Zestiria the Cross,Funimation
Azumanga Daioh,ADV Films
Azumanga Daioh,Sentai Filmworks
Shuumatsu Nani Shitemasu ka? Isogashii Desu ka? Sukutte Moratte Ii Desu ka?,Funimation
Sword Art Online: Alicization - War of Underworld 2nd Season,Aniplex of America
Air,ADV Films
Air,Funimation
Seikon no Qwaser,Sentai Filmworks
Machine-Doll wa Kizutsukanai,Funimation
ChäoS;HEAd,Funimation
Hundred,Funimation
Hundred,Crunchyroll
Space☆Dandy,Funimation
Afro Samurai,Funimation
Hanasaku Iroha,"NIS America, Inc."
Shelter,Crunchyroll
Devil May Cry,ADV Films
Devil May Cry,Funimation
Madan no Ou to Vanadis,Funimation
Evangelion: 3.0 You Can (Not) Redo,Funimation
Kotoura-san,"NIS America, Inc."
Owarimonogatari 2nd Season,Aniplex of America
Full Metal Panic? Fumoffu,ADV Films
Full Metal Panic? Fumoffu,Funimation
Stranger: Mukou Hadan,Funimation
Stranger: Mukou Hadan,Bandai Entertainment
Kono Subarashii Sekai ni Shukufuku wo!: Kono Subarashii Choker ni Shukufuku wo!,Discotek Media
Dragon Ball Kai,Funimation
"Clannad: Mou Hitotsu no Sekai, Tomoyo-hen",Sentai Filmworks
Renai Boukun,Funimation
Motto To LOVE-Ru,Sentai Filmworks
Dimension W,Funimation
Code:Breaker,Funimation
Enen no Shouboutai: Ni no Shou,Funimation
Ping Pong the Animation,Funimation
Beck,Funimation
C: The Money of Soul and Possibility Control,Funimation
Redline,Anchor Bay Films
Isshuukan Friends.,Sentai Filmworks
Denpa Onna to Seishun Otoko,"NIS America, Inc."
K: Return of Kings,Viz Media
Acchi Kocchi (TV),Sentai Filmworks
Mawaru Penguindrum,Sentai Filmworks
Busou Shoujo Machiavellianism,Sentai Filmworks
xxxHOLiC,Funimation
Sora no Otoshimono: Forte,Funimation
Hamatora The Animation,Sentai Filmworks
Ore wo Suki nano wa Omae dake ka yo,Aniplex of America
3-gatsu no Lion 2nd Season,Aniplex of America
Densetsu no Yuusha no Densetsu,Funimation
Berserk,Funimation
Berserk,Crunchyroll
Nejimaki Seirei Senki: Tenkyou no Alderamin,Funimation
Nejimaki Seirei Senki: Tenkyou no Alderamin,Crunchyroll
Oda Nobuna no Yabou,Sentai Filmworks
Shuffle!,Funimation
Detective Conan,Funimation
Detective Conan,Crunchyroll
Blood-C,Funimation
Golden Boy,ADV Films
Golden Boy,Media Blasters
Golden Boy,Discotek Media
Danganronpa 3: The End of Kibougamine Gakuen - Mirai-hen,Funimation
Itai no wa Iya nano de Bougyoryoku ni Kyokufuri Shitai to Omoimasu.,Funimation
Shijou Saikyou no Deshi Kenichi,Funimation
Sword Art Online: Extra Edition,Aniplex of America
Bokutachi wa Benkyou ga Dekinai,Aniplex of America
Ookami-san to Shichinin no Nakama-tachi,Funimation
Kämpfer,Sentai Filmworks
Gleipnir,Funimation
Akagami no Shirayuki-hime 2nd Season,Funimation
Yuusha ni Narenakatta Ore wa Shibushibu Shuushoku wo Ketsui Shimashita.,Sentai Filmworks
Kanon (2006),ADV Films
Kanon (2006),Funimation
Little Busters!,Sentai Filmworks
Fate/stay night: Unlimited Blade Works Prologue,Aniplex of America
Amnesia,Sentai Filmworks
Taimadou Gakuen 35 Shiken Shoutai,Discotek Media
Kamisama Hajimemashita◎,Funimation
Oniichan dakedo Ai sae Areba Kankeinai yo ne!,Funimation
Black Cat (TV),Funimation
Diabolik Lovers,Sentai Filmworks
Seiken Tsukai no World Break,Funimation
Tokyo Magnitude 8.0,Maiden Japan
Tamako Love Story,Sentai Filmworks
Full Metal Panic! The Second Raid,ADV Films
Full Metal Panic! The Second Raid,Funimation
Full Metal Panic! The Second Raid,Kadokawa Pictures USA
K-On! Movie,Sentai Filmworks
Rurouni Kenshin: Meiji Kenkaku Romantan - Tsuioku-hen,ADV Films
Rurouni Kenshin: Meiji Kenkaku Romantan - Tsuioku-hen,Aniplex of America
Maji de Watashi ni Koi Shinasai!,Sentai Filmworks
Gin no Saji,Aniplex of America
Angel Beats! Specials,Sentai Filmworks
Itazura na Kiss,Discotek Media
Love Hina,Funimation
Love Hina,Bandai Entertainment
Jibaku Shounen Hanako-kun,Funimation
Kokoro ga Sakebitagatterunda.,Aniplex of America
ReLIFE: Kanketsu-hen,Funimation
Soredemo Sekai wa Utsukushii,Sentai Filmworks
Nyan Koi!,Sentai Filmworks
ef: A Tale of Memories.,Sentai Filmworks
Akuma no Riddle,Funimation
Hetalia Axis Powers,Funimation
Bleach Movie 1: Memories of Nobody,Viz Media
Sayonara no Asa ni Yakusoku no Hana wo Kazarou,Eleven Arts
Sayonara no Asa ni Yakusoku no Hana wo Kazarou,Shout! Factory
Mushishi Zoku Shou,Aniplex of America
Nurarihyon no Mago,Viz Media
Nanbaka,Funimation
Girls &amp; Panzer,Sentai Filmworks
Darker than Black: Kuro no Keiyakusha Gaiden,Funimation
Juuni Taisen,Funimation
Shoujo Shuumatsu Ryokou,Sentai Filmworks
Ajin 2nd Season,Sentai Filmworks
Persona 4 the Animation,Sentai Filmworks
"Clannad: After Story - Mou Hitotsu no Sekai, Kyou-hen",Sentai Filmworks
Mangaka-san to Assistant-san to The Animation,Sentai Filmworks
Kino no Tabi: The Beautiful World,ADV Films
Kino no Tabi: The Beautiful World,Sentai Filmworks
Ginga Eiyuu Densetsu,Sentai Filmworks
Skip Beat!,Pied Piper
Working&#039;!!,"NIS America, Inc."
Mahoutsukai no Yome: Hoshi Matsu Hito,Crunchyroll
Karigurashi no Arrietty,Walt Disney Studios
Imouto sae Ireba Ii.,Funimation
One Punch Man Specials,Viz Media
Fuuka,Funimation
Fuuka,Crunchyroll
Sakasama no Patema,NYAV Post
Sakasama no Patema,GKIDS
Initial D First Stage,Funimation
Initial D First Stage,Tokyopop
Sewayaki Kitsune no Senko-san,Funimation
Okusama ga Seitokaichou!,Media Blasters
Hachimitsu to Clover,Viz Media
Hachimitsu to Clover,Discotek Media
Dumbbell Nan Kilo Moteru?,Funimation
Mimi wo Sumaseba,Walt Disney Studios
Mimi wo Sumaseba,GKIDS
Just Because!,Sentai Filmworks
Danganronpa 3: The End of Kibougamine Gakuen - Zetsubou-hen,Funimation
Maken-Ki!,Funimation
Boku no Hero Academia the Movie 2: Heroes:Rising,Funimation
Taboo Tattoo,Funimation
Taboo Tattoo,Crunchyroll
Ano Hi Mita Hana no Namae wo Bokutachi wa Mada Shiranai. Movie,Aniplex of America
Fate/kaleid liner Prisma☆Illya,Sentai Filmworks
Ballroom e Youkoso,Ponycan USA
Flying Witch,Sentai Filmworks
Ao no Exorcist Movie,Aniplex of America
Ga-Rei: Zero,Funimation
11eyes,Sentai Filmworks
Haibane Renmei,Funimation
Haibane Renmei,Geneon Entertainment USA
Psycho-Pass Movie,Funimation
Kono Bijutsubu ni wa Mondai ga Aru!,Maiden Japan
Naruto: Shippuuden Movie 6 - Road to Ninja,Viz Media
Naruto Movie 1: Dai Katsugeki!! Yuki Hime Shinobu Houjou Dattebayo!,Viz Media
Kamisama no Memochou,Sentai Filmworks
Dorohedoro,Netflix
Kanokon,Media Blasters
Shakugan no Shana III (Final),Funimation
Sakura Trick,Sentai Filmworks
MM!,Sentai Filmworks
InuYasha: Kanketsu-hen,Viz Media
Kokoro Connect: Michi Random,Sentai Filmworks
Dungeon ni Deai wo Motomeru no wa Machigatteiru Darou ka III,Sentai Filmworks
Black Lagoon: Roberta&#039;s Blood Trail,Funimation
Medaka Box,Sentai Filmworks
Mononoke,Flatiron Film Company
Omamori Himari,Funimation
Love Live! School Idol Project 2nd Season,"NIS America, Inc."
Code Geass: Fukkatsu no Lelouch,Funimation
K: Missing Kings,Viz Media
Naruto: Shippuuden Movie 1,Viz Media
Chrno Crusade,ADV Films
Chrno Crusade,Funimation
Mahou Sensou,Sentai Filmworks
Date A Live III,Funimation
Grancrest Senki,Aniplex of America
Zoku Natsume Yuujinchou,"NIS America, Inc."
Junjou Romantica,Nozomi Entertainment
Zero kara Hajimeru Mahou no Sho,Sentai Filmworks
Sidonia no Kishi,Sentai Filmworks
Masou Gakuen HxH,Funimation
Masou Gakuen HxH,Crunchyroll
Natsume Yuujinchou San,"NIS America, Inc."
Tsubasa Chronicle,Funimation
Assassins Pride,Sentai Filmworks
Sekirei: Pure Engagement,Funimation
Ore ga Ojousama Gakkou ni &quot;Shomin Sample&quot; Toshite Gets♥Sareta Ken,Funimation
Bleach Movie 2: The DiamondDust Rebellion - Mou Hitotsu no Hyourinmaru,Viz Media
Nazo no Kanojo X,Sentai Filmworks
Kaze Tachinu,Walt Disney Studios
Binbougami ga!,Funimation
Ryuugajou Nanana no Maizoukin (TV),Aniplex of America
Ghost Hunt,Funimation
New Game!!,Funimation
New Game!!,Crunchyroll
Hayate no Gotoku!,Bandai Entertainment
Hayate no Gotoku!,Sentai Filmworks
Planetes,Bandai Entertainment
3D Kanojo: Real Girl,Sentai Filmworks
Final Fantasy VII: Advent Children,Sony Pictures Entertainment
Koukaku Kidoutai: Stand Alone Complex 2nd GIG,Bandai Entertainment
Koukaku Kidoutai: Stand Alone Complex 2nd GIG,Manga Entertainment
Kuusen Madoushi Kouhosei no Kyoukan,Funimation
Jitsu wa Watashi wa,Discotek Media
Mushishi Zoku Shou 2nd Season,Aniplex of America
Servamp,Funimation
Kamisama no Inai Nichiyoubi,Sentai Filmworks
SSSS.Gridman,Funimation
Dance in the Vampire Bund,Funimation
Ranma ½,Viz Media
Slam Dunk,Flatiron Film Company
Slam Dunk,Geneon Entertainment USA
Working!!!,Aniplex of America
Mayoiga,Ponycan USA
Tokyo Godfathers,Sony Pictures Entertainment
Tokyo Godfathers,GKIDS
Natsume Yuujinchou Shi,"NIS America, Inc."
Handa-kun,Funimation
Plunderer,Funimation
Gankutsuou,Funimation
Gankutsuou,Geneon Entertainment USA
Death Billiards,Funimation
Koi wa Ameagari no You ni,Sentai Filmworks
Kantai Collection: KanColle,Funimation
Kantai Collection: KanColle,Crunchyroll
Kara no Kyoukai 2: Satsujin Kousatsu (Zen),Aniplex of America
Pokemon Movie 01: Mewtwo no Gyakushuu,4Kids Entertainment
Pokemon Movie 01: Mewtwo no Gyakushuu,Warner Bros. Pictures
Digimon Adventure 02,Saban Entertainment
Digimon Adventure 02,Flatiron Film Company
Canaan,Sentai Filmworks
Kara no Kyoukai 5: Mujun Rasen,Aniplex of America
Golden Kamuy,Funimation
To LOVE-Ru Darkness 2nd,Sentai Filmworks
Araburu Kisetsu no Otome-domo yo.,Sentai Filmworks
Punch Line,Sentai Filmworks
Uzaki-chan wa Asobitai!,Funimation
Umineko no Naku Koro ni,"NIS America, Inc."
07-Ghost,Discotek Media
Mobile Suit Gundam 00,Bandai Entertainment
Terra Formars,Viz Media
Bleach Movie 3: Fade to Black - Kimi no Na wo Yobu,Viz Media
Love Stage!!,Sentai Filmworks
Tiger &amp; Bunny,Viz Media
Nande Koko ni Sensei ga!?,Sentai Filmworks
Made in Abyss Movie 3: Fukaki Tamashii no Reimei,Sentai Filmworks
Aoharu x Kikanjuu,Sentai Filmworks
True Tears,Bandai Entertainment
True Tears,Discotek Media
True Tears,Bandai Visual USA
Gochuumon wa Usagi Desu ka?,Sentai Filmworks
Id:Invaded,Funimation
Neko no Ongaeshi,Walt Disney Studios
Neko no Ongaeshi,GKIDS
Kuragehime,Funimation
Kyoukai no Kanata Movie 2: I&#039;ll Be Here - Mirai-hen,Sentai Filmworks
Joker Game,Funimation
Joker Game,Crunchyroll
Kaze ga Tsuyoku Fuiteiru,Sentai Filmworks
Kara no Kyoukai 3: Tsuukaku Zanryuu,Aniplex of America
Chihayafuru 2,Sentai Filmworks
Naruto: Shippuuden Movie 2 - Kizuna,Viz Media
Texhnolyze,Funimation
Texhnolyze,Geneon Entertainment USA
Koi to Senkyo to Chocolate,Sentai Filmworks
Rozen Maiden,Sentai Filmworks
Rozen Maiden,Geneon Entertainment USA
Chrome Shelled Regios,Funimation
Yowamushi Pedal,Discotek Media
Seirei no Moribito,Viz Media
Seirei no Moribito,Media Blasters
Seirei no Moribito,Geneon Entertainment USA
Tada-kun wa Koi wo Shinai,Sentai Filmworks
Dragon Ball Super Movie: Broly,Funimation
"Kumo no Mukou, Yakusoku no Basho",ADV Films
Ushio to Tora (TV),Sentai Filmworks
Detroit Metal City,Sentai Filmworks
Kanata no Astra,Funimation
Yagate Kimi ni Naru,Sentai Filmworks
Fate/stay night Movie: Heaven&#039;s Feel - II. Lost Butterfly,Aniplex of America
Omoide no Marnie,GKIDS
Pokemon: The Origin,The Pokemon Company International
Karneval (TV),Funimation
Big Order (TV),Crunchyroll
Asu no Yoichi!,Sentai Filmworks
Boku no Kanojo ga Majimesugiru Sho-bitch na Ken,Sentai Filmworks
Fate/stay night Movie: Unlimited Blade Works,Sentai Filmworks
Kuroshitsuji: Book of Murder,Funimation
Koyomimonogatari,Aniplex of America
One Piece Film: Z,Funimation
Sakurako-san no Ashimoto ni wa Shitai ga Umatteiru,Sentai Filmworks
Neon Genesis Evangelion: Death &amp; Rebirth,Manga Entertainment
Grisaia no Meikyuu: Caprice no Mayu 0,Sentai Filmworks
Tonari no Seki-kun,Sentai Filmworks
Kakushigoto (TV),Funimation
Arcana Famiglia,Sentai Filmworks
"Kono Naka ni Hitori, Imouto ga Iru!",Sentai Filmworks
Yuragi-sou no Yuuna-san,Aniplex of America
Ladies versus Butlers!,Media Blasters
Fugou Keiji: Balance:Unlimited,Aniplex of America
Deca-Dence,Funimation
Knight&#039;s &amp; Magic,Funimation
Bokusatsu Tenshi Dokuro-chan,Media Blasters
Bokusatsu Tenshi Dokuro-chan,Discotek Media
Kara no Kyoukai 4: Garan no Dou,Aniplex of America
Ousama Game The Animation,Funimation
D.N.Angel,ADV Films
D.N.Angel,Discotek Media
Sekaiichi Hatsukoi,Funimation
Servant x Service,Aniplex of America
Occultic;Nine,Aniplex of America
Himouto! Umaru-chan R,Sentai Filmworks
One Piece Film: Strong World,Funimation
Persona 5 the Animation,Aniplex of America
Seitokai no Ichizon,Sentai Filmworks
"Elfen Lied: Tooriame nite Arui wa, Shoujo wa Ikani Shite Sono Shinjou ni Itatta ka? - Regenschauer",ADV Films
Kareshi Kanojo no Jijou,Nozomi Entertainment
Seikoku no Dragonar,Funimation
Hitsugi no Chaika: Avenging Battle,Sentai Filmworks
Tengen Toppa Gurren Lagann Movie 2: Lagann-hen,Aniplex of America
Uta no☆Prince-sama♪ Maji Love 1000%,Sentai Filmworks
Tsuujou Kougeki ga Zentai Kougeki de Ni-kai Kougeki no Okaasan wa Suki Desu ka?,Aniplex of America
Naruto: Shippuuden Movie 4 - The Lost Tower,Viz Media
Naruto Movie 2: Dai Gekitotsu! Maboroshi no Chiteiiseki Dattebayo!,Viz Media
Myself; Yourself,Maiden Japan
Gatchaman Crowds,Sentai Filmworks
Soul Eater NOT!,Funimation
Rail Wars!,Sentai Filmworks
Toaru Majutsu no Index III,Funimation
Kara no Kyoukai 7: Satsujin Kousatsu (Go),Aniplex of America
Yahari Ore no Seishun Love Comedy wa Machigatteiru. Zoku OVA,feel.
Poputepipikku,Funimation
Poputepipikku,Sentai Filmworks
Papa no Iukoto wo Kikinasai!,Sentai Filmworks
Ore no Imouto ga Konnani Kawaii Wake ga Nai Specials,Aniplex of America
Gunslinger Girl,Funimation
Asobi ni Iku yo!,Funimation
Kawaikereba Hentai demo Suki ni Natte Kuremasu ka?,Funimation
Hoshi wo Ou Kodomo,Sentai Filmworks
Mahou Shoujo Madoka★Magica Movie 2: Eien no Monogatari,Aniplex of America
Berserk: Ougon Jidai-hen I - Haou no Tamago,Viz Media
Berserk: Ougon Jidai-hen I - Haou no Tamago,NYAV Post
Kill la Kill Specials,Aniplex of America
Fairy Tail Movie 1: Houou no Miko,Funimation
Psycho-Pass 3,Funimation
Robotics;Notes,Funimation
Kurenai no Buta,Walt Disney Studios
Kurenai no Buta,GKIDS
Trinity Blood,Funimation
Boogiepop wa Warawanai (2019),Funimation
Aku no Hana,Sentai Filmworks
Mobile Suit Gundam: Iron-Blooded Orphans,Funimation
.hack//Sign,Funimation
.hack//Sign,Bandai Entertainment
Tenjou Tenge,Discotek Media
Tenjou Tenge,Geneon Entertainment USA
Mahou Shoujo Madoka★Magica Movie 1: Hajimari no Monogatari,Aniplex of America
Digimon Tamers,Saban Entertainment
Digimon Tamers,Flatiron Film Company
Hibike! Euphonium 2,Ponycan USA
Jinrui wa Suitai Shimashita,Sentai Filmworks
Shinryaku! Ika Musume,Media Blasters
Shinryaku! Ika Musume,Sentai Filmworks
Nijiiro Days,Funimation
Chuunibyou demo Koi ga Shitai!: Kirameki no... Slapstick Noel,Sentai Filmworks
Kujira no Kora wa Sajou ni Utau,Netflix
Basilisk: Kouga Ninpou Chou,Funimation
Love Lab,Sentai Filmworks
C³,Funimation
Sirius,Netflix
Bleach Movie 4: Jigoku-hen,Viz Media
Isekai no Seikishi Monogatari,Funimation
High Score Girl,Netflix
Yu☆Gi☆Oh!: Duel Monsters GX,4Kids Entertainment
Yu☆Gi☆Oh!: Duel Monsters GX,Flatiron Film Company
Flip Flappers,Sentai Filmworks
Fruits Basket 2nd Season,Funimation
Karin,Funimation
Karin,Geneon Entertainment USA
Kyoukaisenjou no Horizon,Sentai Filmworks
Naruto: Shippuuden Movie 5 - Blood Prison,Viz Media
Gungrave,Funimation
Gungrave,Geneon Entertainment USA
Kiniro Mosaic,Sentai Filmworks
Busou Renkin,Viz Media
Romeo x Juliet,Funimation
D.Gray-man Hallow,Funimation
Mnemosyne: Mnemosyne no Musume-tachi,Funimation
Hyakka Ryouran: Samurai Girls,Sentai Filmworks
Cross Ange: Tenshi to Ryuu no Rondo,Sentai Filmworks
Berserk: Ougon Jidai-hen III - Kourin,Viz Media
Berserk: Ougon Jidai-hen III - Kourin,NYAV Post
Baccano! Specials,Funimation
Baccano! Specials,Aniplex of America
Shoujo Kakumei Utena,Nozomi Entertainment
Shoujo Kakumei Utena,Central Park Media
Higurashi no Naku Koro ni Rei,Sentai Filmworks
Bokutachi wa Benkyou ga Dekinai!,Aniplex of America
Kara no Kyoukai 6: Boukyaku Rokuon,Aniplex of America
Gugure! Kokkuri-san,Sentai Filmworks
Genshiken,Media Blasters
High School DxD Specials,Funimation
Princess Principal,Sentai Filmworks
Devil Survivor 2 The Animation,Sentai Filmworks
Last Exile,Funimation
Last Exile,Geneon Entertainment USA
Shuumatsu no Izetta,Funimation
Shuumatsu no Izetta,Crunchyroll
Durarara!! Specials,Aniplex of America
Death Note: Rewrite,Viz Media
Code Geass: Boukoku no Akito 1 - Yokuryuu wa Maiorita,Funimation
Kanojo ga Flag wo Oraretara,"NIS America, Inc."
Naruto Movie 3: Dai Koufun! Mikazuki Jima no Animaru Panikku Dattebayo!,Viz Media
Yuru Yuri♪♪,"NIS America, Inc."
Nabari no Ou,Funimation
Fullmetal Alchemist: The Sacred Star of Milos,Funimation
Jormungand: Perfect Order,Funimation
Maria†Holic,Sentai Filmworks
Dragon Ball Z Movie 14: Kami to Kami,Funimation
Tokyo ESP,Funimation
Promare,GKIDS
Seiken no Blacksmith,Funimation
ef: A Tale of Melodies.,Sentai Filmworks
Rokujouma no Shinryakusha!? (TV),Sentai Filmworks
Onegai☆Teacher,Nozomi Entertainment
Onegai☆Teacher,Bandai Entertainment
Midara na Ao-chan wa Benkyou ga Dekinai,Sentai Filmworks
Berserk: Ougon Jidai-hen II - Doldrey Kouryaku,Viz Media
Berserk: Ougon Jidai-hen II - Doldrey Kouryaku,NYAV Post
Uchuu Kyoudai,Sentai Filmworks
Isekai Shokudou,Funimation
Haiyore! Nyaruko-san W,"NIS America, Inc."
Eyeshield 21,Viz Media
Eyeshield 21,Sentai Filmworks
Higashi no Eden Movie I: The King of Eden,Funimation
Devils Line,Sentai Filmworks
Fate/Grand Order: Zettai Majuu Sensen Babylonia,Aniplex of America
Kyousou Giga (TV),Discotek Media
Nourin,Funimation
Michiko to Hatchin,Funimation
Glasslip,Sentai Filmworks
Bokura no,Discotek Media
Strike Witches,Funimation
Naruto: Shippuuden Movie 3 - Hi no Ishi wo Tsugu Mono,Viz Media
Kakumeiki Valvrave,Aniplex of America
Junjou Romantica 2,Nozomi Entertainment
Paradise Kiss,Geneon Entertainment USA
Divine Gate,Funimation
Clannad Movie,Sentai Filmworks
Chuunibyou demo Koi ga Shitai! Movie: Take On Me,Sentai Filmworks
Tsuritama,Sentai Filmworks
Hakuouki,Sentai Filmworks
Date A Live: Date to Date,Funimation
